filename,chroma_stft,rmse,spectral_centroid,spectral_bandwidth,rolloff,zero_crossing_rate,mfcc1,mfcc2,mfcc3,mfcc4,mfcc5,mfcc6,mfcc7,mfcc8,mfcc9,mfcc10,mfcc11,mfcc12,mfcc13,mfcc14,mfcc15,mfcc16,mfcc17,mfcc18,mfcc19,mfcc20,label
Speaker0007_000.wav,0.5447152853012085,0.11349104344844818,705.5849472497141,1259.4110859770785,1456.702302631579,0.007161458333333333,-425.49749755859375,62.35582733154297,23.860393524169922,13.217365264892578,7.961808681488037,5.180272579193115,4.300449371337891,1.8523091077804565,2.35109806060791,3.3311798572540283,-2.5446078777313232,-4.600728511810303,-1.968957781791687,-0.37109649181365967,6.070952415466309,11.309350967407227,9.52597427368164,8.637029647827148,9.657601356506348,7.714374542236328
