filename,chroma_stft,rmse,spectral_centroid,spectral_bandwidth,rolloff,zero_crossing_rate,mfcc1,mfcc2,mfcc3,mfcc4,mfcc5,mfcc6,mfcc7,mfcc8,mfcc9,mfcc10,mfcc11,mfcc12,mfcc13,mfcc14,mfcc15,mfcc16,mfcc17,mfcc18,mfcc19,mfcc20,label
Speaker0007_000.wav,0.7774253487586975,0.19544857740402222,439.8728957621325,1019.8463962200939,853.9872602982955,0.0,-429.52752685546875,45.63801574707031,17.266599655151367,5.451838493347168,4.899613380432129,10.088576316833496,12.71701431274414,13.802788734436035,11.775727272033691,8.275652885437012,4.3580522537231445,0.19405516982078552,-2.497389793395996,-0.8645470142364502,5.1532673835754395,10.032428741455078,11.64696979522705,11.60062026977539,11.261140823364258,9.76077651977539
