filename,chroma_stft,rmse,spectral_centroid,spectral_bandwidth,rolloff,zero_crossing_rate,mfcc1,mfcc2,mfcc3,mfcc4,mfcc5,mfcc6,mfcc7,mfcc8,mfcc9,mfcc10,mfcc11,mfcc12,mfcc13,mfcc14,mfcc15,mfcc16,mfcc17,mfcc18,mfcc19,mfcc20,label
Speaker0061_000.wav,0.3078145980834961,0.021154260262846947,1804.3534788802299,1544.975102519426,3382.522403492647,0.09399208902310924,-369.9190368652344,126.95468139648438,-57.836978912353516,47.303035736083984,-36.204010009765625,5.693575382232666,-24.789323806762695,0.7015476226806641,-12.915291786193848,-16.861265182495117,2.0105271339416504,-17.252761840820312,-0.8771931529045105,0.6437618136405945,4.680443286895752,-2.9750020503997803,11.131038665771484,-3.4713521003723145,-2.9336941242218018,-0.21062296628952026
