filename,chroma_stft,rmse,spectral_centroid,spectral_bandwidth,rolloff,zero_crossing_rate,mfcc1,mfcc2,mfcc3,mfcc4,mfcc5,mfcc6,mfcc7,mfcc8,mfcc9,mfcc10,mfcc11,mfcc12,mfcc13,mfcc14,mfcc15,mfcc16,mfcc17,mfcc18,mfcc19,mfcc20,label
Speaker0005_009.wav,0.37724682688713074,0.08232703059911728,1852.897373965632,1586.120853132032,3554.6116518170647,0.1200732970505618,-269.4204406738281,106.15958404541016,-22.219282150268555,50.916168212890625,-9.093279838562012,3.6314845085144043,-16.185468673706055,-9.905247688293457,-6.12650203704834,-11.767498970031738,-3.6631202697753906,-5.742814540863037,3.634093999862671,-0.702816903591156,0.607306182384491,-5.749729633331299,2.504551887512207,-0.5192792415618896,-6.573519229888916,-0.939109206199646
