filename,chroma_stft,rmse,spectral_centroid,spectral_bandwidth,rolloff,zero_crossing_rate,mfcc1,mfcc2,mfcc3,mfcc4,mfcc5,mfcc6,mfcc7,mfcc8,mfcc9,mfcc10,mfcc11,mfcc12,mfcc13,mfcc14,mfcc15,mfcc16,mfcc17,mfcc18,mfcc19,mfcc20,label
Speaker0002_000.wav,0.40829548239707947,0.004609817638993263,1787.999701426074,1738.9152997028448,3748.3154296875,0.07798549107142858,-517.3230590820312,121.28447723388672,-27.907093048095703,50.27773666381836,-16.028202056884766,15.7475004196167,-8.45197868347168,6.6352620124816895,-14.609356880187988,2.6059958934783936,-2.885174036026001,-9.122757911682129,8.463294982910156,-15.235038757324219,8.2262544631958,1.5052489042282104,6.7367167472839355,-0.16862529516220093,5.32909631729126,2.8538978099823
