time_secs,scrolling,mouse_clicks,e_legend_clicks,e_map_clicks,map_clicks,general_clicks,close_top_clicks,close_bottom_clicks,go_clicks,map_zoom,mouse_mov,key_presses,priority,order,user
5,0,0.2,1,0,0,0,0,0,0,0,18,0,1,1,1
10,0,0.2,0.5,0,0,0,0,0.5,0,0,20.8,0,1,1,1
15,0,0.2,0.6666666666666666,0,0,0,0,0.3333333333333333,0,0,23.333333333333332,0,1,1,1
20,0,0.25,0.4,0.2,0,0,0,0.2,0.2,0,28.1,0,1,1,1
25,0,0.24,0.3333333333333333,0.16666666666666666,0,0,0,0.3333333333333333,0.16666666666666666,1.84,31.76,0,1,1,1
30,0,0.26666666666666666,0.25,0.25,0,0,0,375,125,1.5333333333333334,34.5,0,1,1,1
35,0,0.34285714285714286,0.25,0.16666666666666666,0.16666666666666666,0.08333333333333333,0,0.25,0.08333333333333333,2.4285714285714284,42.57142857142857,0,1,1,1
40,0,0.35,0.21428571428571427,0.21428571428571427,0.14285714285714285,0.07142857142857142,0,0.2857142857142857,0.07142857142857142,2125,41.35,0,1,1,1
45,0,0.3111111111111111,0.21428571428571427,0.21428571428571427,0.14285714285714285,0.07142857142857142,0,0.2857142857142857,0.07142857142857142,1.8888888888888888,37.55555555555556,0,1,1,1
