time_secs,scrolling,mouse_clicks,e_legend_clicks,e_map_clicks,map_clicks,general_clicks,close_top_clicks,close_bottom_clicks,go_clicks,map_zoom,mouse_mov,key_presses,priority,order,user
5,0,0,0,0,0,0,0,0,0,0,0,0,1,1,1
10,0,0.2,0,0.5,0,0,0,0.5,0,2.8,25.5,0,1,0,1
15,0,0.3333333333333333,0,0.4,0.4,0,0,0.2,0,1.8666666666666667,39.666666666666664,0,1,0,1
20,0,0.3,0,0.3333333333333333,0.3333333333333333,0,0,0.3333333333333333,0,1.4,39.95,0,1,0,1
25,0,0.32,0,375,375,0,0,0.25,0,1.12,39.6,0,1,0,1
30,0,0.3333333333333333,0,0.4,0.3,0,0,0.3,0,0.9333333333333333,39.7,0,1,0,1
35,0,0.3142857142857143,0,0.36363636363636365,0.2727272727272727,0,0,0.36363636363636365,0,0.8,36.94285714285714,0,1,0,1
40,0,0.3,0,0.4166666666666667,0.25,0,0,0.3333333333333333,0,0.7,37325,0,1,0,1
45,0,0.28888888888888886,0,0.38461538461538464,0.23076923076923078,0,0,0.38461538461538464,0,0.6222222222222222,33.55555555555556,0,1,0,1
