time_secs,scrolling,mouse_clicks,e_legend_clicks,e_map_clicks,map_clicks,general_clicks,close_top_clicks,close_bottom_clicks,go_clicks,map_zoom,mouse_mov,key_presses,priority,order,user
5,0,0,0,0,0,0,0,0,0,0,14.8,0,1,1,1
10,0,0.2,0.5,0,0,0,0,0,0.5,0,20.5,0,1,1,1
15,0,0.2,0.6666666666666666,0,0,0,0,0,0.3333333333333333,0,17.2,0,1,1,1
20,0,0.25,0.6,0,0,0,0,0.2,0.2,0,19.35,0,1,1,1
25,0,0.24,0.5,0,0,0,0,0.3333333333333333,0.16666666666666666,0,21.76,0,1,1,1
30,0,0.3,0.3333333333333333,0.2222222222222222,0,0,0,0.3333333333333333,0.1111111111111111,0,25.1,0,1,1,1
35,0,0.2857142857142857,0.3,0.2,0,0,0,0.4,0.1,0,24.8,0,1,1,1
40,0,0.25,0.3,0.2,0,0,0,0.4,0.1,0,21.7,0,1,1,1
